{"cameraMode":{"drawMode":0,"name":"Shaded","section":"Shading Mode"},"sceneLighting":true,"audioPlay":false,"sceneViewState":{"showFog":true,"showMaterialUpdate":false,"showSkybox":true,"showFlares":true,"showImageEffects":true,"showParticleSystems":true,"showVisualEffectGraphs":true,"m_FxEnabled":true},"in2DMode":false,"pivot":{"x":15.866204261779786,"y":10.790199279785157,"z":-15.936734199523926},"rotation":{"x":-0.016797296702861787,"y":-0.9425910115242004,"z":0.3301438093185425,"w":-0.047938138246536258},"size":9.95051097869873,"orthographic":false}