{"cameraMode":{"drawMode":0,"name":"Shaded","section":"Shading Mode"},"sceneLighting":true,"audioPlay":false,"sceneViewState":{"showFog":true,"showMaterialUpdate":false,"showSkybox":true,"showFlares":true,"showImageEffects":true,"showParticleSystems":true,"showVisualEffectGraphs":true,"m_FxEnabled":true},"in2DMode":false,"pivot":{"x":28.56684112548828,"y":7.165588855743408,"z":-55.18471145629883},"rotation":{"x":-0.0023262258619070055,"y":-0.9933356046676636,"z":0.02026382088661194,"w":-0.11354826390743256},"size":19.064115524291993,"orthographic":false}