{"cameraMode":{"drawMode":0,"name":"Shaded","section":"Shading Mode"},"sceneLighting":true,"audioPlay":false,"sceneViewState":{"showFog":true,"showMaterialUpdate":false,"showSkybox":true,"showFlares":true,"showImageEffects":true,"showParticleSystems":true,"showVisualEffectGraphs":true,"m_FxEnabled":true},"in2DMode":false,"pivot":{"x":26.23750877380371,"y":6.430894374847412,"z":-21.971920013427736},"rotation":{"x":-0.15327604115009309,"y":-0.08791503310203552,"z":0.013693690299987793,"w":-0.9841740727424622},"size":3.2136411666870119,"orthographic":false}