{"cameraMode":{"drawMode":0,"name":"Shaded","section":"Shading Mode"},"sceneLighting":true,"audioPlay":false,"sceneViewState":{"showFog":true,"showMaterialUpdate":false,"showSkybox":true,"showFlares":true,"showImageEffects":true,"showParticleSystems":true,"showVisualEffectGraphs":true,"m_FxEnabled":true},"in2DMode":false,"pivot":{"x":25.615188598632814,"y":42.09672546386719,"z":-125.08646392822266},"rotation":{"x":-0.006934998091310263,"y":0.992093026638031,"z":-0.10787525027990341,"w":-0.06377897411584854},"size":1.3113245964050294,"orthographic":false}