{"cameraMode":{"drawMode":0,"name":"Shaded","section":"Shading Mode"},"sceneLighting":true,"audioPlay":false,"sceneViewState":{"showFog":true,"showMaterialUpdate":false,"showSkybox":true,"showFlares":true,"showImageEffects":true,"showParticleSystems":true,"showVisualEffectGraphs":true,"m_FxEnabled":true},"in2DMode":false,"pivot":{"x":54.949344635009769,"y":3.623589038848877,"z":0.7055530548095703},"rotation":{"x":-0.030741186812520028,"y":-0.9546247124671936,"z":0.27657485008239748,"w":-0.10611467808485031},"size":35.251930236816409,"orthographic":false}