{"cameraMode":{"drawMode":0,"name":"Shaded","section":"Shading Mode"},"sceneLighting":true,"audioPlay":false,"sceneViewState":{"showFog":true,"showMaterialUpdate":false,"showSkybox":true,"showFlares":true,"showImageEffects":true,"showParticleSystems":true,"showVisualEffectGraphs":true,"m_FxEnabled":true},"in2DMode":false,"pivot":{"x":25.219120025634767,"y":7.189267158508301,"z":-23.154666900634767},"rotation":{"x":0.14037750661373139,"y":-0.7861258387565613,"z":0.19362851977348329,"w":0.5699271559715271},"size":0.9843018651008606,"orthographic":false}