{"cameraMode":{"drawMode":0,"name":"Shaded","section":"Shading Mode"},"sceneLighting":true,"audioPlay":false,"sceneViewState":{"showFog":true,"showMaterialUpdate":false,"showSkybox":true,"showFlares":true,"showImageEffects":true,"showParticleSystems":true,"showVisualEffectGraphs":true,"m_FxEnabled":true},"in2DMode":false,"pivot":{"x":27.006948471069337,"y":7.520415782928467,"z":-23.438377380371095},"rotation":{"x":0.28116264939308169,"y":-0.16591913998126985,"z":0.049422211945056918,"w":0.9439156651496887},"size":3.6735591888427736,"orthographic":false}