{"cameraMode":{"drawMode":0,"name":"Shaded","section":"Shading Mode"},"sceneLighting":false,"audioPlay":false,"sceneViewState":{"showFog":true,"showMaterialUpdate":false,"showSkybox":false,"showFlares":true,"showImageEffects":true,"showParticleSystems":true,"showVisualEffectGraphs":true,"m_FxEnabled":true},"in2DMode":false,"pivot":{"x":13.978769302368164,"y":11.43124008178711,"z":-12.462234497070313},"rotation":{"x":0.10397154837846756,"y":-0.8778889179229736,"z":0.22182434797286988,"w":0.41146719455718996},"size":20.079830169677736,"orthographic":false}