{"cameraMode":{"drawMode":0,"name":"Shaded","section":"Shading Mode"},"sceneLighting":false,"audioPlay":false,"sceneViewState":{"showFog":true,"showMaterialUpdate":false,"showSkybox":false,"showFlares":true,"showImageEffects":true,"showParticleSystems":true,"showVisualEffectGraphs":true,"m_FxEnabled":true},"in2DMode":false,"pivot":{"x":24.917600631713868,"y":-1.824051856994629,"z":-13.66091537475586},"rotation":{"x":0.15364935994148255,"y":-0.054810285568237308,"z":0.00853642076253891,"w":0.9865692853927612},"size":14.005489349365235,"orthographic":false}