{"cameraMode":{"drawMode":0,"name":"Shaded","section":"Shading Mode"},"sceneLighting":false,"audioPlay":false,"sceneViewState":{"showFog":true,"showMaterialUpdate":false,"showSkybox":false,"showFlares":true,"showImageEffects":true,"showParticleSystems":true,"showVisualEffectGraphs":true,"m_FxEnabled":true},"in2DMode":false,"pivot":{"x":31.451143264770509,"y":8.16220474243164,"z":-26.9871883392334},"rotation":{"x":0.38676318526268008,"y":0.0005923319840803742,"z":-0.0002514963271096349,"w":0.9221963882446289},"size":22.02106285095215,"orthographic":false}