{"cameraMode":{"drawMode":0,"name":"Shaded","section":"Shading Mode"},"sceneLighting":false,"audioPlay":false,"sceneViewState":{"showFog":true,"showMaterialUpdate":false,"showSkybox":false,"showFlares":true,"showImageEffects":true,"showParticleSystems":true,"showVisualEffectGraphs":true,"m_FxEnabled":true},"in2DMode":false,"pivot":{"x":39.687416076660159,"y":-3.0594277381896974,"z":-32.12590026855469},"rotation":{"x":0.35650089383125307,"y":-0.10836135596036911,"z":0.04166664555668831,"w":0.9270718693733215},"size":23.003005981445314,"orthographic":false}